<ImportExportXml version="9.2.21035.186" SolutionPackageVersion="9.2" languagecode="1033" generatedBy="CrmLive" xmlns:xsi="http://www.w3.org/2001/XMLSchema-instance">
  <SolutionManifest>
    <UniqueName>WizAud</UniqueName>
    <LocalizedNames>
      <LocalizedName description="WizAud" languagecode="1033" />
    </LocalizedNames>
    <Descriptions />
    <Version>1.0.0.9</Version>
    <Managed>0</Managed>
    <Publisher>
      <UniqueName>contoso</UniqueName>
      <LocalizedNames>
        <LocalizedName description="Contoso" languagecode="1033" />
      </LocalizedNames>
      <Descriptions />
      <EMailAddress xsi:nil="true"></EMailAddress>
      <SupportingWebsiteUrl xsi:nil="true"></SupportingWebsiteUrl>
      <CustomizationPrefix>contoso</CustomizationPrefix>
      <CustomizationOptionValuePrefix>46327</CustomizationOptionValuePrefix>
      <Addresses>
        <Address>
          <AddressNumber>1</AddressNumber>
          <AddressTypeCode>1</AddressTypeCode>
          <City xsi:nil="true"></City>
          <County xsi:nil="true"></County>
          <Country xsi:nil="true"></Country>
          <Fax xsi:nil="true"></Fax>
          <FreightTermsCode xsi:nil="true"></FreightTermsCode>
          <ImportSequenceNumber xsi:nil="true"></ImportSequenceNumber>
          <Latitude xsi:nil="true"></Latitude>
          <Line1 xsi:nil="true"></Line1>
          <Line2 xsi:nil="true"></Line2>
          <Line3 xsi:nil="true"></Line3>
          <Longitude xsi:nil="true"></Longitude>
          <Name xsi:nil="true"></Name>
          <PostalCode xsi:nil="true"></PostalCode>
          <PostOfficeBox xsi:nil="true"></PostOfficeBox>
          <PrimaryContactName xsi:nil="true"></PrimaryContactName>
          <ShippingMethodCode>1</ShippingMethodCode>
          <StateOrProvince xsi:nil="true"></StateOrProvince>
          <Telephone1 xsi:nil="true"></Telephone1>
          <Telephone2 xsi:nil="true"></Telephone2>
          <Telephone3 xsi:nil="true"></Telephone3>
          <TimeZoneRuleVersionNumber xsi:nil="true"></TimeZoneRuleVersionNumber>
          <UPSZone xsi:nil="true"></UPSZone>
          <UTCOffset xsi:nil="true"></UTCOffset>
          <UTCConversionTimeZoneCode xsi:nil="true"></UTCConversionTimeZoneCode>
        </Address>
        <Address>
          <AddressNumber>2</AddressNumber>
          <AddressTypeCode>1</AddressTypeCode>
          <City xsi:nil="true"></City>
          <County xsi:nil="true"></County>
          <Country xsi:nil="true"></Country>
          <Fax xsi:nil="true"></Fax>
          <FreightTermsCode xsi:nil="true"></FreightTermsCode>
          <ImportSequenceNumber xsi:nil="true"></ImportSequenceNumber>
          <Latitude xsi:nil="true"></Latitude>
          <Line1 xsi:nil="true"></Line1>
          <Line2 xsi:nil="true"></Line2>
          <Line3 xsi:nil="true"></Line3>
          <Longitude xsi:nil="true"></Longitude>
          <Name xsi:nil="true"></Name>
          <PostalCode xsi:nil="true"></PostalCode>
          <PostOfficeBox xsi:nil="true"></PostOfficeBox>
          <PrimaryContactName xsi:nil="true"></PrimaryContactName>
          <ShippingMethodCode>1</ShippingMethodCode>
          <StateOrProvince xsi:nil="true"></StateOrProvince>
          <Telephone1 xsi:nil="true"></Telephone1>
          <Telephone2 xsi:nil="true"></Telephone2>
          <Telephone3 xsi:nil="true"></Telephone3>
          <TimeZoneRuleVersionNumber xsi:nil="true"></TimeZoneRuleVersionNumber>
          <UPSZone xsi:nil="true"></UPSZone>
          <UTCOffset xsi:nil="true"></UTCOffset>
          <UTCConversionTimeZoneCode xsi:nil="true"></UTCConversionTimeZoneCode>
        </Address>
      </Addresses>
    </Publisher>
    <RootComponents>
      <RootComponent type="1" schemaName="contoso_wizaud" behavior="0" />
      <RootComponent type="1" schemaName="contoso_wizaudfield" behavior="0" />
      <RootComponent type="1" schemaName="contoso_wizaudfieldresponse" behavior="0" />
      <RootComponent type="1" schemaName="contoso_wizaudresponse" behavior="0" />
      <RootComponent type="1" schemaName="contoso_wizaudsection" behavior="0" />
      <RootComponent type="9" schemaName="contoso_fieldtype" behavior="0" />
      <RootComponent type="9" schemaName="contoso_section" behavior="0" />
      <RootComponent type="29" id="{c37a0deb-85cb-ea11-a812-000d3a1029ac}" behavior="0" />
      <RootComponent type="60" id="{5de2d148-acb0-ea11-a812-000d3a19fd67}" behavior="0" />
      <RootComponent type="60" id="{6d360f04-810a-4908-83c4-ac2e4b2eaba2}" behavior="0" />
      <RootComponent type="60" id="{7c39841d-8222-eb11-a813-000d3a1029ac}" behavior="0" />
      <RootComponent type="60" id="{8860a5e7-f593-41b7-bbfc-2fea677c39ab}" behavior="0" />
      <RootComponent type="60" id="{ed361dbd-3467-4514-839b-57e4a852c9db}" behavior="0" />
      <RootComponent type="61" schemaName="contoso_buildingicon" behavior="0" />
      <RootComponent type="61" schemaName="contoso_locationicon" behavior="0" />
      <RootComponent type="61" schemaName="contoso_manicon" behavior="0" />
      <RootComponent type="61" schemaName="contoso_pencilicon" behavior="0" />
      <RootComponent type="61" schemaName="contoso_thumbsicon" behavior="0" />
      <RootComponent type="62" schemaName="contoso_WizAud" behavior="0" />
      <RootComponent type="80" schemaName="contoso_WizAud" behavior="0" />
      <RootComponent type="300" schemaName="contoso_wizaudplaypenwithcategories_57de0" behavior="0" />
      <RootComponent type="300" schemaName="contoso_wizaudplaypen_39232" behavior="0" />
    </RootComponents>
    <MissingDependencies>
      <MissingDependency>
        <Required key="0" type="61" schemaName="msdyn_/Images/AppModule_Default_Icon.png" displayName="msdyn_/Images/AppModule_Default_Icon.png" solution="AppModuleWebResources (2.5)" />
        <Dependent key="1" type="80" schemaName="contoso_WizAud" displayName="WizAud" />
      </MissingDependency>
    </MissingDependencies>
  </SolutionManifest>
</ImportExportXml>